{
    "events": [
        {
            "time": "2024-06-10 09:30",
            "boat": "Game Time",
            "action": "Hooked",
            "species": "Blue Marlin"
        },
        {
            "time": "2024-06-10 10:45",
            "boat": "Reel Deal",
            "action": "Boated",
            "species": "Blue Marlin"
        },
        {
            "time": "2024-06-11 14:20",
            "boat": "Sea Wolf",
            "action": "Released",
            "species": "White Marlin"
        },
        {
            "time": "2024-06-12 11:15",
            "boat": "Blue Runner",
            "action": "Hooked",
            "species": "Tuna"
        },
        {
            "time": "2024-06-12 15:00",
            "boat": "Hatteras Fever",
            "action": "Boated",
            "species": "Yellowfin Tuna"
        },
        {
            "time": "2024-06-13 08:50",
            "boat": "Game Time",
            "action": "Released",
            "species": "Sailfish"
        }
    ],
    "participants": [
        {"name": "Game Time", "image": "/static/placeholder.jpg"},
        {"name": "Reel Deal", "image": "/static/placeholder.jpg"},
        {"name": "Sea Wolf", "image": "/static/placeholder.jpg"},
        {"name": "Blue Runner", "image": "/static/placeholder.jpg"},
        {"name": "Hatteras Fever", "image": "/static/placeholder.jpg"}
    ]
}