{
    "events": [
        {
            "time": "2025-07-11 10:00",
            "boat": "CITATION",
            "action": "Hooked",
            "species": "Blue Marlin"
        },
        {
            "time": "2025-07-11 10:15",
            "boat": "T-ZERO",
            "action": "Released",
            "species": "White Marlin"
        },
        {
            "time": "2025-07-11 11:30",
            "boat": "FIN CHASER",
            "action": "Boated",
            "species": "Tuna"
        }
    ],
    "participants": [
        {"name": "CITATION", "image": "/static/placeholder.jpg"},
        {"name": "T-ZERO", "image": "/static/placeholder.jpg"},
        {"name": "FIN CHASER", "image": "/static/placeholder.jpg"},
        {"name": "GECKO", "image": "/static/placeholder.jpg"},
        {"name": "TEASER", "image": "/static/placeholder.jpg"},
        {"name": "APRIL MAE", "image": "/static/placeholder.jpg"},
        {"name": "COST OF LIVING", "image": "/static/placeholder.jpg"}
    ]
}