[{"name": "A-Salt-Weapon", "image": "https://cdn.reeltimeapps.com/boats/avatars/000/009/675/medium/A-SALT-WEAPON_Big_Rock.jpg?1749189893"}, {"name": "Accordingly IV", "image": "https://cdn.reeltimeapps.com/boats/avatars/000/005/004/medium/IMG_0676.JPG?1749186757"}, {"name": "Addis Mae", "image": "https://cdn.reeltimeapps.com/boats/avatars/000/011/676/medium/boat-avatar-11676.jpg?1749389924"}, {"name": "Aerie One", "image": "https://cdn.reeltimeapps.com/boats/avatars/000/011/680/medium/boat-avatar-11680.jpg?1749398051"}, {"name": "All In", "image": "https://cdn.reeltimeapps.com/boats/avatars/000/004/134/medium/DSC_0114.jpeg?1749406203"}, {"name": "Anamarina", "image": "https://cdn.reeltimeapps.com/boats/avatars/000/011/163/medium/IMG_7833.JPG?1749226016"}, {"name": "Ann Warrick", "image": "https://cdn.reeltimeapps.com/boats/avatars/000/001/555/medium/IMG_4154.jpeg?1749184616"}, {"name": "Annie C", "image": "https://cdn.reeltimeapps.com/boats/avatars/000/005/316/medium/ystydsuam2utgsvg42pvnsl42ijb.jpeg?1749186968"}, {"name": "Annie O", "image": "https://cdn.reeltimeapps.com/boats/avatars/000/001/495/medium/IMG_4145.jpeg?1749184578"}, {"name": "Anticipation", "image": "https://cdn.reeltimeapps.com/boats/avatars/000/007/799/medium/Anticipation_stern_shot.jpg?1749188495"}, {"name": "April Mae", "image": "https://cdn.reeltimeapps.com/boats/avatars/000/005/315/medium/APRIL_MAE.jpg?1749186968"}, {"name": "Ashley Lauren", "image": "https://cdn.reeltimeapps.com/boats/avatars/000/003/711/medium/IMG_3186.png?1749185856"}, {"name": "Ava D", "image": "https://cdn.reeltimeapps.com/boats/avatars/000/001/308/medium/Ava_D_2025.JPG?1749184462"}, {"name": "BAM", "image": "https://cdn.reeltimeapps.com/boats/avatars/000/003/719/medium/90F740C0-73C8-45FA-9AF8-EFAC75248C1A_1_201_a.jpeg?1749185861"}, {"name": "BANKWALKER", "image": "https://cdn.reeltimeapps.com/boats/avatars/000/002/716/medium/boat-avatar-2716.jpg?1749519029"}, {"name": "Baby J", "image": "https://cdn.reeltimeapps.com/boats/avatars/000/011/669/medium/IMG_3955.jpeg?1749254015"}, {"name": "Barbara B", "image": "https://cdn.reeltimeapps.com/boats/avatars/000/011/344/medium/boat-avatar-11344.jpg?1749420334"}, {"name": "Best Medicine", "image": "https://cdn.reeltimeapps.com/boats/avatars/000/007/936/medium/Best_medicine_.jpg?1749188621"}, {"name": "Better Odds", "image": "https://cdn.reeltimeapps.com/boats/avatars/000/011/656/medium/IMG_3549.jpeg?1749260976"}, {"name": "Big B", "image": "https://cdn.reeltimeapps.com/boats/avatars/000/008/001/medium/Big_B.jpg?1749188669"}, {"name": "Big Hunter", "image": "https://cdn.reeltimeapps.com/boats/avatars/000/009/821/medium/Big_Hunter.jpg?1749190019"}, {"name": "Big Oh", "image": "https://cdn.reeltimeapps.com/boats/avatars/000/001/526/medium/boat-avatar-1526.jpg?1749184598"}, {"name": "Big Trouble", "image": "https://cdn.reeltimeapps.com/boats/avatars/000/008/050/medium/Big_Trouble.jpg?1749188748"}, {"name": "Bill Collector", "image": "https://cdn.reeltimeapps.com/boats/avatars/000/001/578/medium/IMG_4132.jpeg?1749184629"}, {"name": "Bizzy B", "image": "https://cdn.reeltimeapps.com/boats/avatars/000/006/541/medium/BD029A9C-C3F8-4958-A20A-D4A16CDAB55C.jpeg?1749187630"}, {"name": "Blind Hunter", "image": "https://cdn.reeltimeapps.com/boats/avatars/000/011/687/medium/Screenshot_2025-06-08_at_8.07.07%E2%80%AFPM.png?1749427647"}, {"name": "Blueprint", "image": "https://cdn.reeltimeapps.com/boats/avatars/000/008/095/medium/IMG_4978.jpeg?1749188805"}, {"name": "Bluewater", "image": "https://cdn.reeltimeapps.com/images/reel-time-apps-app-icon.png"}, {"name": "Bobojo", "image": "https://cdn.reeltimeapps.com/boats/avatars/000/009/686/medium/2802042_3526e77c_4.jpg?1749189897"}, {"name": "Bootlegger", "image": "https://cdn.reeltimeapps.com/boats/avatars/000/001/343/medium/Bootlegger.jpeg?1749184494"}, {"name": "Bow Movement", "image": "https://cdn.reeltimeapps.com/boats/avatars/000/009/792/medium/Bow_Movement.jpg?1749189995"}, {"name": "Breakwater", "image": "https://cdn.reeltimeapps.com/boats/avatars/000/011/637/medium/boat-avatar-11637.jpg?1749238968"}, {"name": "Brothers Pride", "image": "https://cdn.reeltimeapps.com/boats/avatars/000/006/607/medium/Brothers_Pride.jpg?1749187698"}, {"name": "Builder's Choice", "image": "https://cdn.reeltimeapps.com/boats/avatars/000/001/616/medium/IMG_4111.jpeg?1749184650"}, {"name": "Bull Dawg", "image": "https://cdn.reeltimeapps.com/images/reel-time-apps-app-icon.png"}, {"name": "Bull Pen", "image": "https://cdn.reeltimeapps.com/images/reel-time-apps-app-icon.png"}, {"name": "Business", "image": "https://cdn.reeltimeapps.com/boats/avatars/000/002/137/medium/Business.jpg?1749184993"}, {"name": "Byte Me", "image": "https://cdn.reeltimeapps.com/boats/avatars/000/011/675/medium/boat-avatar-11675.jpg?1749320042"}, {"name": "C Escape", "image": "https://cdn.reeltimeapps.com/boats/avatars/000/003/137/medium/IMG_3049.jpeg?1749185517"}, {"name": "C-Student", "image": "https://cdn.reeltimeapps.com/boats/avatars/000/008/007/medium/image000001.jpeg?1749287603"}, {"name": "CAN DO TOO", "image": "https://cdn.reeltimeapps.com/boats/avatars/000/008/969/medium/IMG_8310.jpeg?1749412003"}, {"name": "Callisto", "image": "https://cdn.reeltimeapps.com/boats/avatars/000/003/660/medium/IMG_5176.jpeg?1749307308"}, {"name": "Carolina Blonde", "image": "https://cdn.reeltimeapps.com/boats/avatars/000/011/638/medium/Resized_20250608_150947.jpeg?1749411172"}, {"name": "Carolina Girl", "image": "https://cdn.reeltimeapps.com/boats/avatars/000/009/765/medium/IMG_3202.jpeg?1749189966"}, {"name": "Carolina Pirate", "image": "https://cdn.reeltimeapps.com/boats/avatars/000/004/424/medium/C7927D5C-C7D6-4BE7-80E9-E130C28D32BB.jpeg?1749186244"}, {"name": "Carry On", "image": "https://cdn.reeltimeapps.com/boats/avatars/000/011/681/medium/boat-avatar-11681.jpg?1749422980"}, {"name": "Carterican", "image": "https://cdn.reeltimeapps.com/boats/avatars/000/001/500/medium/IMG_2380.jpeg?1749184579"}, {"name": "Catch 23", "image": "https://cdn.reeltimeapps.com/boats/avatars/000/009/345/medium/Catch23.jpg?1749189653"}, {"name": "Catch 32", "image": "https://cdn.reeltimeapps.com/boats/avatars/000/008/062/medium/Catch_32.jpg?1749188756"}, {"name": "Caymas 44", "image": "https://cdn.reeltimeapps.com/boats/avatars/000/011/561/medium/caymas-44.jpg?1749191116"}, {"name": "Chasin' A", "image": "https://cdn.reeltimeapps.com/boats/avatars/000/007/772/medium/Chasin'_A.jpg?1749188471"}, {"name": "Chawdeen", "image": "https://cdn.reeltimeapps.com/boats/avatars/000/006/437/medium/boat-avatar-6437.jpg?1749607539"}, {"name": "Citation", "image": "https://cdn.reeltimeapps.com/boats/avatars/000/007/937/medium/AA5E7C57-86E0-45A5-9D9B-E9236079FB3D.jpeg?1749188624"}, {"name": "Contingensea", "image": "https://cdn.reeltimeapps.com/boats/avatars/000/009/804/medium/Contingensea.jpg?1749190006"}, {"name": "Cora B", "image": "https://cdn.reeltimeapps.com/boats/avatars/000/011/663/medium/IMG_20250405_184140.jpg?1749241531"}, {"name": "Cost of Living", "image": "https://cdn.reeltimeapps.com/boats/avatars/000/006/489/medium/boat-avatar-6489.jpg?1749433197"}, {"name": "Croswait 24", "image": "https://cdn.reeltimeapps.com/images/reel-time-apps-app-icon.png"}, {"name": "Custom", "image": "https://cdn.reeltimeapps.com/boats/avatars/000/009/753/medium/Resized_Custom_61_-_6.jpeg?1749189953"}, {"name": "Cuttin' Up", "image": "https://cdn.reeltimeapps.com/boats/avatars/000/000/861/medium/IMG_1506.jpg?1749184270"}, {"name": "DECOY", "image": "https://cdn.reeltimeapps.com/boats/avatars/000/006/520/medium/IMG_3583.jpeg?1749187622"}, {"name": "Dancin' Outlaw", "image": "https://cdn.reeltimeapps.com/boats/avatars/000/001/321/medium/boat-avatar-1321.jpg?1749431117"}, {"name": "Deep Color", "image": "https://cdn.reeltimeapps.com/boats/avatars/000/011/664/medium/1000009003.jpg?1749692637"}, {"name": "Deep Salt", "image": "https://cdn.reeltimeapps.com/boats/avatars/000/011/432/medium/deepsalt.jpg?1749191024"}, {"name": "Demolished Profits", "image": "https://cdn.reeltimeapps.com/boats/avatars/000/006/456/medium/Demolished_Profits.jpg?1749187573"}, {"name": "Desperado (NC)", "image": "https://cdn.reeltimeapps.com/boats/avatars/000/004/976/medium/IMG_2354.jpeg?1749186729"}, {"name": "Developin Habits", "image": "https://cdn.reeltimeapps.com/boats/avatars/000/005/011/medium/boat-avatar-5011.jpg?1749475082"}, {"name": "Diamond Girl", "image": "https://cdn.reeltimeapps.com/boats/avatars/000/001/341/medium/8BB75D5C-E760-4867-8CB4-CA55AEE1CC07.png?1749184489"}, {"name": "Dinner Plan", "image": "https://cdn.reeltimeapps.com/boats/avatars/000/009/787/medium/boat-avatar-9787.jpg?1749425872"}, {"name": "Dirty Martini", "image": "https://cdn.reeltimeapps.com/boats/avatars/000/006/569/medium/1000000464.jpg?1749419544"}, {"name": "Ditch Digger", "image": "https://cdn.reeltimeapps.com/images/reel-time-apps-app-icon.png"}, {"name": "Doc Fees", "image": "https://cdn.reeltimeapps.com/boats/avatars/000/009/769/medium/Doc_Fees_.jpg?1749189971"}, {"name": "Don't Panic", "image": "https://cdn.reeltimeapps.com/images/reel-time-apps-app-icon.png"}, {"name": "Done Deal", "image": "https://cdn.reeltimeapps.com/boats/avatars/000/006/883/medium/16712.jpg?1752365330"}, {"name": "Double B", "image": "https://cdn.reeltimeapps.com/boats/avatars/000/009/755/medium/Double_B.jpeg?1749300061"}, {"name": "Double G", "image": "https://cdn.reeltimeapps.com/boats/avatars/000/007/587/medium/boat-avatar-7587.jpg?1749422116"}, {"name": "Due South", "image": "https://cdn.reeltimeapps.com/boats/avatars/000/003/357/medium/IMG_4113.jpeg?1749185634"}, {"name": "Dugga Boy", "image": "https://cdn.reeltimeapps.com/boats/avatars/000/007/778/medium/CR2A4924.jpg?1749188483"}, {"name": "Dun-Rite", "image": "https://cdn.reeltimeapps.com/boats/avatars/000/004/985/medium/F399DB25-EE8A-4799-8E32-FB6AD7D7352F.jpeg?1749186738"}, {"name": "EZ Boy", "image": "https://cdn.reeltimeapps.com/boats/avatars/000/001/223/medium/EZBoy.JPG?1749184426"}, {"name": "El Patron", "image": "https://cdn.reeltimeapps.com/boats/avatars/000/008/090/medium/boat-avatar-8090.jpg?1749210803"}, {"name": "Electric Bill", "image": "https://cdn.reeltimeapps.com/boats/avatars/000/001/530/medium/ElectricBill.jpg?1749184601"}, {"name": "End Game", "image": "https://cdn.reeltimeapps.com/boats/avatars/000/009/226/medium/END_GAME.jpeg?1749189572"}, {"name": "Enough", "image": "https://cdn.reeltimeapps.com/boats/avatars/000/009/805/medium/FullSizeRender.jpeg?1749337030"}, {"name": "FIRST LOVE", "image": "https://cdn.reeltimeapps.com/boats/avatars/000/006/658/medium/boat-avatar-6658.jpg?1749427734"}, {"name": "FLYAWAY", "image": "https://cdn.reeltimeapps.com/boats/avatars/000/011/671/medium/boat-avatar-11671.jpg?1749508835"}, {"name": "FULLABULL", "image": "https://cdn.reeltimeapps.com/boats/avatars/000/004/410/medium/FB.jpg?1749186232"}, {"name": "Fin Chaser", "image": "https://cdn.reeltimeapps.com/boats/avatars/000/003/127/medium/Fin_Chaser.jpg?1749185512"}, {"name": "Fin Planner II", "image": "https://cdn.reeltimeapps.com/boats/avatars/000/011/660/medium/IMG_6210.jpeg?1749237117"}, {"name": "Fin Print", "image": "https://cdn.reeltimeapps.com/boats/avatars/000/006/876/medium/Fin_Print.jpg?1749187904"}, {"name": "Fins Up", "image": "https://cdn.reeltimeapps.com/boats/avatars/000/009/080/medium/Fins_Up.jpg?1749189465"}, {"name": "First Look", "image": "https://cdn.reeltimeapps.com/boats/avatars/000/004/068/medium/884B89FF-1A47-41EB-8BAE-45845607831F.jpeg?1749186082"}, {"name": "Fishy Business", "image": "https://cdn.reeltimeapps.com/boats/avatars/000/009/825/medium/boat-avatar-9825.jpg?1749260203"}, {"name": "Fly N Fish", "image": "https://cdn.reeltimeapps.com/boats/avatars/000/006/655/medium/boat-avatar-6655.jpg?1749403087"}, {"name": "Following Seas", "image": "https://cdn.reeltimeapps.com/boats/avatars/000/005/632/medium/70493694318__DA424272-05A0-4D55-BAE9-B844981022DA.jpeg?1749187164"}, {"name": "Fowl Hooked", "image": "https://cdn.reeltimeapps.com/boats/avatars/000/001/462/medium/FowlHooked.jpg?1749184561"}, {"name": "Free Ranger", "image": "https://cdn.reeltimeapps.com/boats/avatars/000/004/892/medium/Free_Ranger.jpg?1749186666"}, {"name": "Freestyle", "image": "https://cdn.reeltimeapps.com/boats/avatars/000/009/802/medium/Freestyle.jpg?1749416623"}, {"name": "Full Cry", "image": "https://cdn.reeltimeapps.com/boats/avatars/000/008/063/medium/boat-avatar-8063.jpg?1752158877"}, {"name": "GENAU II", "image": "https://cdn.reeltimeapps.com/boats/avatars/000/008/030/medium/boat-avatar-8030.jpg?1749316820"}, {"name": "Game Changer", "image": "https://cdn.reeltimeapps.com/boats/avatars/000/006/126/medium/Game_Changer.jpg?1749187322"}, {"name": "Gamekeeper", "image": "https://cdn.reeltimeapps.com/boats/avatars/000/003/136/medium/gamekeeperpic.jpg?1749185517"}, {"name": "Gaucho", "image": "https://cdn.reeltimeapps.com/boats/avatars/000/011/623/medium/Committee_Boat__Tournament_Manager.jpeg?1749191156"}, {"name": "Good Enough", "image": "https://cdn.reeltimeapps.com/boats/avatars/000/009/799/medium/IMG_2123.jpeg?1749222743"}, {"name": "Good Times", "image": "https://cdn.reeltimeapps.com/boats/avatars/000/001/937/medium/GoodTimes.jpg?1749184868"}, {"name": "Goombay", "image": "https://cdn.reeltimeapps.com/boats/avatars/000/001/318/medium/boat-avatar-1318.jpg?1749219094"}, {"name": "Gratitude", "image": "https://cdn.reeltimeapps.com/boats/avatars/000/006/333/medium/Gratitude.jpg?1749187511"}, {"name": "Halcyon", "image": "https://cdn.reeltimeapps.com/boats/avatars/000/001/457/medium/Halcyon1998_IMG_1181.jpg?1749184557"}, {"name": "Hammer Time", "image": "https://cdn.reeltimeapps.com/boats/avatars/000/003/325/medium/IMG_4139.jpeg?1749185611"}, {"name": "Haphazard", "image": "https://cdn.reeltimeapps.com/boats/avatars/000/011/625/medium/Hapazard_%281%29.jpg?1749292618"}, {"name": "Hatteras Fever II", "image": "https://cdn.reeltimeapps.com/boats/avatars/000/001/403/medium/HatterasFeverII_0.jpg?1749184527"}, {"name": "Hawgfin Reaper", "image": "https://cdn.reeltimeapps.com/boats/avatars/000/009/774/medium/hawgfin_carolina_pic_IMG_0546.JPG?1749189973"}, {"name": "HeAven\u2019s Reel", "image": "https://cdn.reeltimeapps.com/boats/avatars/000/011/640/medium/IMG_7845.jpeg?1749324882"}, {"name": "High Octane", "image": "https://cdn.reeltimeapps.com/boats/avatars/000/001/906/medium/Resized_20210612_143111.jpg?1749184853"}, {"name": "High Time", "image": "https://cdn.reeltimeapps.com/boats/avatars/000/002/455/medium/F69A41DD-74A2-43AF-80EE-1ED189F1EC9D.jpeg?1749185129"}, {"name": "High Yield", "image": "https://cdn.reeltimeapps.com/boats/avatars/000/004/062/medium/boat-avatar-4062.jpg?1749186077"}, {"name": "Hoe Money", "image": "https://cdn.reeltimeapps.com/boats/avatars/000/011/167/medium/Hoe_Money.jpg?1749190787"}, {"name": "Hog Wild", "image": "https://cdn.reeltimeapps.com/boats/avatars/000/001/562/medium/hogwild.jpg?1749184619"}, {"name": "Honey Hush", "image": "https://cdn.reeltimeapps.com/boats/avatars/000/001/504/medium/CEA26D7C-8450-4557-92D8-FCD4F3621CC8.jpeg?1749184582"}, {"name": "Honky Tonk", "image": "https://cdn.reeltimeapps.com/boats/avatars/000/006/632/medium/4A781005-188A-4179-9ADD-C90E82F32BEF.jpeg?1749187725"}, {"name": "Horse Play", "image": "https://cdn.reeltimeapps.com/boats/avatars/000/009/495/medium/1000002729.jpg?1749607440"}, {"name": "Huntress", "image": "https://cdn.reeltimeapps.com/boats/avatars/000/001/505/medium/IMG_3083.jpg?1749184584"}, {"name": "Inspiration", "image": "https://cdn.reeltimeapps.com/boats/avatars/000/001/506/medium/Inspiration.jpg?1749184585"}, {"name": "Iron Leader", "image": "https://cdn.reeltimeapps.com/boats/avatars/000/006/311/medium/1aIMG_587012.jpg?1749187496"}, {"name": "J&B", "image": "https://cdn.reeltimeapps.com/boats/avatars/000/006/841/medium/J_B.jpg?1749187870"}, {"name": "JACK EM UP", "image": "https://cdn.reeltimeapps.com/boats/avatars/000/006/651/medium/JACK_EM_UP.jpg?1749187740"}, {"name": "JOMO", "image": "https://cdn.reeltimeapps.com/boats/avatars/000/009/829/medium/IMG_6136.jpeg?1749190024"}, {"name": "Job Site", "image": "https://cdn.reeltimeapps.com/boats/avatars/000/001/565/medium/JobSite.jpg?1749184621"}, {"name": "Knot Right", "image": "https://cdn.reeltimeapps.com/boats/avatars/000/011/666/medium/Knot_Right.jpg?1749254723"}, {"name": "Kraken", "image": "https://cdn.reeltimeapps.com/boats/avatars/000/011/630/medium/boat-avatar-11630.jpg?1749323601"}, {"name": "LEGACY", "image": "https://cdn.reeltimeapps.com/boats/avatars/000/009/719/medium/IMG_8668.jpeg?1749189914"}, {"name": "Labrador", "image": "https://cdn.reeltimeapps.com/boats/avatars/000/007/713/medium/IMG_4861.jpeg?1749188424"}, {"name": "Lady Dianne", "image": "https://cdn.reeltimeapps.com/boats/avatars/000/006/560/medium/IMG-0754.JPG?1749187639"}, {"name": "Lights Out", "image": "https://cdn.reeltimeapps.com/boats/avatars/000/003/259/medium/Lights_Out.jpg?1749185582"}, {"name": "Line Set", "image": "https://cdn.reeltimeapps.com/boats/avatars/000/006/201/medium/Line_Set.jpg?1749187389"}, {"name": "Low Profile", "image": "https://cdn.reeltimeapps.com/boats/avatars/000/008/442/medium/Low_Profile.jpg?1749189062"}, {"name": "MJs", "image": "https://cdn.reeltimeapps.com/boats/avatars/000/006/862/medium/MJ's.jpg?1749187890"}, {"name": "Maggie", "image": "https://cdn.reeltimeapps.com/boats/avatars/000/000/936/medium/1000000088.jpg?1749745024"}, {"name": "Magic Moment", "image": "https://cdn.reeltimeapps.com/boats/avatars/000/001/372/medium/Magic_Moment.png?1749184513"}, {"name": "Make It Happen!", "image": "https://cdn.reeltimeapps.com/boats/avatars/000/011/628/medium/Boat.jpg?1749191162"}, {"name": "Marlin Fever", "image": "https://cdn.reeltimeapps.com/boats/avatars/000/001/330/medium/20928.jpeg?1749184480"}, {"name": "Marlin Gull", "image": "https://cdn.reeltimeapps.com/boats/avatars/000/003/638/medium/2008F7F4-D14D-423B-9BCB-CB348CADDAD3.jpeg?1749185779"}, {"name": "Marsh Madness", "image": "https://cdn.reeltimeapps.com/boats/avatars/000/006/602/medium/Screenshot_20220713-145700_Gallery.jpg?1749187692"}, {"name": "Marshall Line", "image": "https://cdn.reeltimeapps.com/boats/avatars/000/006/675/medium/Marshall_Line.jpeg?1749398904"}, {"name": "Memories", "image": "https://cdn.reeltimeapps.com/boats/avatars/000/005/018/medium/Memories_.jpg?1749186765"}, {"name": "Miss Cassea", "image": "https://cdn.reeltimeapps.com/boats/avatars/000/006/627/medium/Miss_Cassea.jpg?1749187723"}, {"name": "Miss Jenny", "image": "https://cdn.reeltimeapps.com/boats/avatars/000/008/094/medium/Miss_Jenny.jpg?1749188803"}, {"name": "Miss Lynn", "image": "https://cdn.reeltimeapps.com/boats/avatars/000/011/668/medium/IMG_5548.jpeg?1749296543"}, {"name": "Miss Wy", "image": "https://cdn.reeltimeapps.com/boats/avatars/000/001/417/medium/IMG_4273.jpeg?1749421062"}, {"name": "More Bills", "image": "https://cdn.reeltimeapps.com/images/reel-time-apps-app-icon.png"}, {"name": "Motley Crew", "image": "https://cdn.reeltimeapps.com/images/reel-time-apps-app-icon.png"}, {"name": "Murmuration", "image": "https://cdn.reeltimeapps.com/boats/avatars/000/006/631/medium/8C359F5B-749F-4F17-B269-EB80F5CD91CB.jpeg?1749187724"}, {"name": "Mustang", "image": "https://cdn.reeltimeapps.com/boats/avatars/000/009/263/medium/IMG_3459.jpg?1749189612"}, {"name": "Never Enough", "image": "https://cdn.reeltimeapps.com/boats/avatars/000/007/946/medium/350781460_535266365291821_7456236966907586398_n.jpg?1749188632"}, {"name": "OUTLAW", "image": "https://cdn.reeltimeapps.com/boats/avatars/000/006/584/medium/IMG_0149.jpeg?1749392959"}, {"name": "Ocean Lifter", "image": "https://cdn.reeltimeapps.com/boats/avatars/000/007/998/medium/IMG_0024_2.PNG?1749188666"}, {"name": "Offshore Outlaw", "image": "https://cdn.reeltimeapps.com/boats/avatars/000/004/982/medium/IMG_4779.jpeg?1749555299"}, {"name": "Old No. 7", "image": "https://cdn.reeltimeapps.com/boats/avatars/000/002/948/medium/boat-avatar-2948.jpg?1749423465"}, {"name": "On Point", "image": "https://cdn.reeltimeapps.com/boats/avatars/000/002/489/medium/OnPoint.jpg?1749185159"}, {"name": "On Time", "image": "https://cdn.reeltimeapps.com/boats/avatars/000/011/667/medium/boat-avatar-11667.jpg?1749467796"}, {"name": "Only Fins", "image": "https://cdn.reeltimeapps.com/boats/avatars/000/006/122/medium/IMG_0525.jpg?1749187318"}, {"name": "Outlier", "image": "https://cdn.reeltimeapps.com/boats/avatars/000/005/022/medium/Outlier.jpg?1749186770"}, {"name": "Outnumbered", "image": "https://cdn.reeltimeapps.com/boats/avatars/000/007/593/medium/boat-avatar-7593.jpg?1749188337"}, {"name": "Overproof", "image": "https://cdn.reeltimeapps.com/boats/avatars/000/011/560/medium/Overproof.jpg?1749400119"}, {"name": "Peggy", "image": "https://cdn.reeltimeapps.com/boats/avatars/000/001/421/medium/Peggy_III.jpg?1749184540"}, {"name": "Pelagic", "image": "https://cdn.reeltimeapps.com/boats/avatars/000/002/482/medium/pelagic.jpeg?1749234101"}, {"name": "Pelagic Hunter II", "image": "https://cdn.reeltimeapps.com/boats/avatars/000/008/070/medium/7ACD2198-5BA7-4AFA-8A33-CC703F085EB3.jpeg?1749188764"}, {"name": "Piracy", "image": "https://cdn.reeltimeapps.com/boats/avatars/000/001/509/medium/boat-avatar-1509.jpg?1749672479"}, {"name": "Play It By Ear", "image": "https://cdn.reeltimeapps.com/boats/avatars/000/008/077/medium/boat-avatar-8077.jpg?1749481433"}, {"name": "Post Call", "image": "https://cdn.reeltimeapps.com/boats/avatars/000/007/982/medium/dji-fly-20230421-085706-491-1682081837019-photo-optimized.jpg?1749188646"}, {"name": "Qualifier", "image": "https://cdn.reeltimeapps.com/boats/avatars/000/003/336/medium/Qualifier.jpg?1749185622"}, {"name": "RELEASE", "image": "https://cdn.reeltimeapps.com/boats/avatars/000/001/512/medium/ReleaseRom.jpg?1749184588"}, {"name": "Ramblin Man", "image": "https://cdn.reeltimeapps.com/boats/avatars/000/004/994/medium/Ramblin_Man_.jpg?1749186745"}, {"name": "Raptor", "image": "https://cdn.reeltimeapps.com/boats/avatars/000/011/641/medium/boat-avatar-11641.jpg?1749494235"}, {"name": "Re-Leased", "image": "https://cdn.reeltimeapps.com/boats/avatars/000/011/635/medium/IMG_3041.jpeg?1749220320"}, {"name": "Rebelette", "image": "https://cdn.reeltimeapps.com/boats/avatars/000/009/690/medium/boat-avatar-9690.jpg?1749428379"}, {"name": "Redemption", "image": "https://cdn.reeltimeapps.com/boats/avatars/000/004/716/medium/redemption2.jpg?1749186554"}, {"name": "Reel Affair", "image": "https://cdn.reeltimeapps.com/boats/avatars/000/001/329/medium/Reel_Affair.jpg?1749184479"}, {"name": "Reel Country", "image": "https://cdn.reeltimeapps.com/boats/avatars/000/001/427/medium/IMG_4224.jpeg?1749246896"}, {"name": "Reel Current", "image": "https://cdn.reeltimeapps.com/boats/avatars/000/005/308/medium/Screenshot_2025-05-28_at_5.49.15%E2%80%AFPM.jpeg?1749419169"}, {"name": "Reel Developers", "image": "https://cdn.reeltimeapps.com/boats/avatars/000/009/807/medium/Reel_Developers.jpg?1749190007"}, {"name": "Reel Development", "image": "https://cdn.reeltimeapps.com/boats/avatars/000/006/614/medium/ReelDevelopment.jpg?1749187707"}, {"name": "Reel Fun", "image": "https://cdn.reeltimeapps.com/boats/avatars/000/011/136/medium/Daytona_Picture.jpg?1749190779"}, {"name": "Reel Hauler", "image": "https://cdn.reeltimeapps.com/boats/avatars/000/004/977/medium/Reel_Hauler.jpg?1749186730"}, {"name": "Reel Hunter", "image": "https://cdn.reeltimeapps.com/boats/avatars/000/011/624/medium/IMG_1958.png?1749191158"}, {"name": "Reel Lineman", "image": "https://cdn.reeltimeapps.com/boats/avatars/000/007/995/medium/IMG-3698.jpg?1749188663"}, {"name": "Reel Priority", "image": "https://cdn.reeltimeapps.com/boats/avatars/000/011/632/medium/boat-avatar-11632.jpg?1749225669"}, {"name": "Reel Project", "image": "https://cdn.reeltimeapps.com/boats/avatars/000/009/484/medium/Reel_Project.jpg?1749189764"}, {"name": "Reel Tight - 88' Merritt", "image": "https://cdn.reeltimeapps.com/boats/avatars/000/001/743/medium/boat-avatar-1743.jpg?1749414685"}, {"name": "Relentless", "image": "https://cdn.reeltimeapps.com/boats/avatars/000/008/093/medium/Relentless.jpg?1749188801"}, {"name": "Remix Main Stage", "image": "https://cdn.reeltimeapps.com/boats/avatars/000/010/586/medium/IMG_6208.jpeg?1749190374"}, {"name": "Retriever - Chadwick", "image": "https://cdn.reeltimeapps.com/boats/avatars/000/006/279/medium/Big_Rock_Photo.jpg?1749187470"}, {"name": "Revival", "image": "https://cdn.reeltimeapps.com/boats/avatars/000/009/687/medium/IMG_0185.jpeg?1749189898"}, {"name": "Right Hook", "image": "https://cdn.reeltimeapps.com/boats/avatars/000/006/589/medium/Right_Hook.jpg?1749187682"}, {"name": "RoShamBo", "image": "https://cdn.reeltimeapps.com/boats/avatars/000/004/040/medium/ro_sham_bo.jpeg?1749186062"}, {"name": "SEA WISH", "image": "https://cdn.reeltimeapps.com/boats/avatars/000/011/620/medium/boat-avatar-11620.jpg?1749470309"}, {"name": "SEAventures", "image": "https://cdn.reeltimeapps.com/boats/avatars/000/011/629/medium/IMG_67A97EE4D0DD-1.jpeg?1749257725"}, {"name": "SMOKER", "image": "https://cdn.reeltimeapps.com/boats/avatars/000/001/518/medium/123_1.jpeg?1749184592"}, {"name": "Safari", "image": "https://cdn.reeltimeapps.com/boats/avatars/000/006/195/medium/IMG-4619.jpg?1749187386"}, {"name": "Sails Pitch", "image": "https://cdn.reeltimeapps.com/boats/avatars/000/011/674/medium/boat-avatar-11674.jpg?1749407100"}, {"name": "Sally Girl", "image": "https://cdn.reeltimeapps.com/boats/avatars/000/003/339/medium/sallygirl.jpg?1749185623"}, {"name": "Sandbob", "image": "https://cdn.reeltimeapps.com/boats/avatars/000/001/751/medium/Sandbob_2025.jpg?1749184715"}, {"name": "Savanna Leigh", "image": "https://cdn.reeltimeapps.com/boats/avatars/000/006/587/medium/IMG_4376.JPG?1749187681"}, {"name": "Schedule Sea", "image": "https://cdn.reeltimeapps.com/boats/avatars/000/004/120/medium/schedule_sea.jpg?1749186089"}, {"name": "Scup Slayer", "image": "https://cdn.reeltimeapps.com/boats/avatars/000/005/174/medium/obbcboatnew2022scupslayer.jpg?1749186853"}, {"name": "Sea Badger", "image": "https://cdn.reeltimeapps.com/boats/avatars/000/011/613/medium/seabadger_mod.PNG?1749217527"}, {"name": "Sea Creature", "image": "https://cdn.reeltimeapps.com/boats/avatars/000/001/236/medium/SeaCreature.jpg?1749184437"}, {"name": "Sea I Sea", "image": "https://cdn.reeltimeapps.com/boats/avatars/000/011/653/medium/IMG_9456.jpeg?1749234177"}, {"name": "Sea Spell", "image": "https://cdn.reeltimeapps.com/boats/avatars/000/003/160/medium/Sea_Spell.jpg?1749185540"}, {"name": "Sea Striker", "image": "https://cdn.reeltimeapps.com/boats/avatars/000/002/704/medium/Sea-Striker-Boat-2022.jpeg?1749185261"}, {"name": "Sea Tiger", "image": "https://cdn.reeltimeapps.com/boats/avatars/000/006/664/medium/Sea_Tiger_22_Big_Rock.jpg?1749187748"}, {"name": "Sea Toy", "image": "https://cdn.reeltimeapps.com/boats/avatars/000/003/355/medium/Sea_Toy.jpg?1749185633"}, {"name": "Seabeck", "image": "https://cdn.reeltimeapps.com/boats/avatars/000/009/392/medium/Grady_Cover.jpg?1749189690"}, {"name": "Seaborn", "image": "https://cdn.reeltimeapps.com/boats/avatars/000/007/942/medium/Seaborn.jpg?1749188628"}, {"name": "Seafix", "image": "https://cdn.reeltimeapps.com/boats/avatars/000/009/113/medium/Seafix.jpg?1749189487"}, {"name": "Seaweed", "image": "https://cdn.reeltimeapps.com/images/reel-time-apps-app-icon.png"}, {"name": "Secotan", "image": "https://cdn.reeltimeapps.com/boats/avatars/000/009/652/medium/boat_pic.jpg?1749189877"}, {"name": "Sensation", "image": "https://cdn.reeltimeapps.com/boats/avatars/000/001/515/medium/Sensation_Pic.jpg?1749184590"}, {"name": "Sequel", "image": "https://cdn.reeltimeapps.com/boats/avatars/000/006/305/medium/IMG_9319.jpeg?1749187491"}, {"name": "Shenandoah", "image": "https://cdn.reeltimeapps.com/boats/avatars/000/009/522/medium/Shenandoah.jpg?1749189795"}, {"name": "Shifting Gears", "image": "https://cdn.reeltimeapps.com/boats/avatars/000/002/450/medium/ShiftingGears.jpg?1749185123"}, {"name": "Shotski", "image": "https://cdn.reeltimeapps.com/boats/avatars/000/011/106/medium/IMG_3908.jpeg?1749190762"}, {"name": "Simple Mann", "image": "https://cdn.reeltimeapps.com/boats/avatars/000/004/941/medium/IMG_2529.jpg?1749186714"}, {"name": "Skip Hook", "image": "https://cdn.reeltimeapps.com/boats/avatars/000/006/625/medium/skiphook.png?1749187718"}, {"name": "Smoke Show", "image": "https://cdn.reeltimeapps.com/boats/avatars/000/009/744/medium/IMG_20240327_184226_536.jpg?1749189948"}, {"name": "South Win", "image": "https://cdn.reeltimeapps.com/boats/avatars/000/008/084/medium/SouthWin.png?1749188783"}, {"name": "Southern C's", "image": "https://cdn.reeltimeapps.com/boats/avatars/000/011/377/medium/boat-avatar-11377.jpg?1749252205"}, {"name": "Southern Grace", "image": "https://cdn.reeltimeapps.com/boats/avatars/000/011/514/medium/boat-avatar-11514.jpg?1752111654"}, {"name": "Speculator", "image": "https://cdn.reeltimeapps.com/boats/avatars/000/005/195/medium/obbc2021speculator.jpg?1749186868"}, {"name": "Stetson's Revenge", "image": "https://cdn.reeltimeapps.com/boats/avatars/000/002/494/medium/06cfa0aa-26be-4996-8fd6-228104701eb7-1_all_1251.jpg?1749429158"}, {"name": "Stream Weaver", "image": "https://cdn.reeltimeapps.com/boats/avatars/000/001/548/medium/StreamWeaver.jpg?1749184611"}, {"name": "Stress Factor", "image": "https://cdn.reeltimeapps.com/boats/avatars/000/009/038/medium/Screenshot_2023-07-07_at_5.48.13_PM.jpeg?1749189407"}, {"name": "Strokin'", "image": "https://cdn.reeltimeapps.com/boats/avatars/000/011/610/medium/boat-avatar-11610.jpg?1749391609"}, {"name": "Sunday Funday", "image": "https://cdn.reeltimeapps.com/boats/avatars/000/009/810/medium/123_1.jpeg?1749190008"}, {"name": "Superflat", "image": "https://cdn.reeltimeapps.com/boats/avatars/000/006/635/medium/Superflat.jpg?1749247553"}, {"name": "Sushi", "image": "https://cdn.reeltimeapps.com/boats/avatars/000/003/764/medium/Sushi.jpg?1749185907"}, {"name": "Sweet Spot", "image": "https://cdn.reeltimeapps.com/boats/avatars/000/007/374/medium/IMG_20230218_221911_410.jpg?1749188175"}, {"name": "THIRD TIMES A CHARM", "image": "https://cdn.reeltimeapps.com/boats/avatars/000/011/541/medium/IMG_6551_Original.jpeg?1749191103"}, {"name": "Tail Gunner", "image": "https://cdn.reeltimeapps.com/boats/avatars/000/002/732/medium/Tail_Gunner.jpg?1749185281"}, {"name": "Take Em", "image": "https://cdn.reeltimeapps.com/boats/avatars/000/003/431/medium/Take_Em.jpg?1749185691"}, {"name": "Taylor Jean", "image": "https://cdn.reeltimeapps.com/boats/avatars/000/007/488/medium/photo-1739371636.jpg?1749188265"}, {"name": "Team Harvey -82", "image": "https://cdn.reeltimeapps.com/boats/avatars/000/011/406/medium/IMG_2954.jpeg?1749330621"}, {"name": "The Buyout", "image": "https://cdn.reeltimeapps.com/boats/avatars/000/002/458/medium/IMG_0179.jpeg?1749185131"}, {"name": "The Dredge", "image": "https://cdn.reeltimeapps.com/images/reel-time-apps-app-icon.png"}, {"name": "The General", "image": "https://cdn.reeltimeapps.com/boats/avatars/000/003/323/medium/Screenshot_2023-06-11_at_2.26.58_PM.png?1749185607"}, {"name": "Tina's Trippin", "image": "https://cdn.reeltimeapps.com/boats/avatars/000/001/967/medium/Tina's_Trippin'.jpg?1749184897"}, {"name": "Top Dog", "image": "https://cdn.reeltimeapps.com/boats/avatars/000/003/347/medium/A22E1D66-1C9C-4E19-9D36-D701A4A8E7B7.jpeg?1749185629"}, {"name": "Torta", "image": "https://cdn.reeltimeapps.com/boats/avatars/000/009/124/medium/IMG_2812.jpeg?1749189493"}, {"name": "Trash Man", "image": "https://cdn.reeltimeapps.com/boats/avatars/000/008/031/medium/Trash_Man.jpg?1749188734"}, {"name": "Traveller", "image": "https://cdn.reeltimeapps.com/boats/avatars/000/011/685/medium/IMG_2403.JPEG?1749409876"}, {"name": "Triple S", "image": "https://cdn.reeltimeapps.com/boats/avatars/000/011/643/medium/IMG_5603.jpeg?1749229639"}, {"name": "Turn Me Loose", "image": "https://cdn.reeltimeapps.com/boats/avatars/000/008/067/medium/boat-avatar-8067.jpg?1749422886"}, {"name": "Twin Reels", "image": "https://cdn.reeltimeapps.com/boats/avatars/000/010/065/medium/FullSizeRender.jpeg?1749190154"}, {"name": "Unbridled", "image": "https://cdn.reeltimeapps.com/boats/avatars/000/006/600/medium/29413.jpeg?1749187690"}, {"name": "Unplugged", "image": "https://cdn.reeltimeapps.com/images/reel-time-apps-app-icon.png"}, {"name": "Viking 74", "image": "https://cdn.reeltimeapps.com/boats/avatars/000/011/073/medium/viking-74.jpg?1749190690"}, {"name": "WYCHMERE", "image": "https://cdn.reeltimeapps.com/boats/avatars/000/011/079/medium/IMG_1122.jpeg?1749190708"}, {"name": "Wall Hanger", "image": "https://cdn.reeltimeapps.com/boats/avatars/000/004/615/medium/boat-avatar-4615.jpg?1749257959"}, {"name": "Wall Hanger II", "image": "https://cdn.reeltimeapps.com/boats/avatars/000/009/852/medium/boat-avatar-9852.jpg?1749417284"}, {"name": "Wasabi", "image": "https://cdn.reeltimeapps.com/boats/avatars/000/006/626/medium/60AAF801-05D5-4164-BA60-80C72D8C759C.jpeg?1749187722"}, {"name": "Waste Knot", "image": "https://cdn.reeltimeapps.com/boats/avatars/000/001/340/medium/IMG_0632.jpg?1749184485"}, {"name": "Waste Knot  - 56'", "image": "https://cdn.reeltimeapps.com/boats/avatars/000/000/849/medium/60C11D03-1852-4D83-8F46-C41E171F4AB6.jpeg?1749184267"}, {"name": "Wasting Time", "image": "https://cdn.reeltimeapps.com/boats/avatars/000/006/487/medium/67815704879__050BA7ED-C989-4DDD-B257-21C52CB34EFA.jpeg?1749187599"}, {"name": "Watertight", "image": "https://cdn.reeltimeapps.com/boats/avatars/000/006/586/medium/Watertight.jpg?1749187680"}, {"name": "Wave Grader", "image": "https://cdn.reeltimeapps.com/boats/avatars/000/008/020/medium/IMG_8098.jpg?1749188725"}, {"name": "Wave Paver", "image": "https://cdn.reeltimeapps.com/boats/avatars/000/006/514/medium/04.21.22_-_Eden-62_%281%29.jpeg?1749187616"}, {"name": "Weldor's Ark", "image": "https://cdn.reeltimeapps.com/boats/avatars/000/001/523/medium/Weldor's_Ark.jpg?1749184595"}, {"name": "Whitecaps", "image": "https://cdn.reeltimeapps.com/boats/avatars/000/009/806/medium/IMG_7582.jpeg?1749190006"}, {"name": "Widespread", "image": "https://cdn.reeltimeapps.com/boats/avatars/000/009/786/medium/Widespread.jpg?1749330547"}, {"name": "Wolverine", "image": "https://cdn.reeltimeapps.com/boats/avatars/000/001/923/medium/Wolverine.jpg?1749184865"}, {"name": "Woodpecker", "image": "https://cdn.reeltimeapps.com/boats/avatars/000/009/235/medium/boat-avatar-9235.jpg?1749189586"}, {"name": "Yellowfin", "image": "https://cdn.reeltimeapps.com/boats/avatars/000/004/067/medium/YELLOWFIN.jpg?1749186081"}, {"name": "Yippee Ki Yay", "image": "https://cdn.reeltimeapps.com/boats/avatars/000/005/019/medium/67BB728A-7FF3-4C9B-9376-771F15843E12.jpeg?1749186766"}]