{
    "Big Rock": {
        "events": [
            {
                "time": "2025-06-09 10:00",
                "boat": "CARTERICAN",
                "action": "Hooked Up",
                "species": "",
                "eta": "",
                "hookup_id": "2025-06-09 10:00_CARTERICAN_0"
            },
            {
                "time": "2025-06-09 10:15",
                "boat": "CARTERICAN",
                "action": "Released",
                "species": "Blue Marlin",
                "eta": "",
                "hookup_id": "2025-06-09 10:00_CARTERICAN_0"
            },
            {
                "time": "2025-06-09 10:30",
                "boat": "MARSH MADNESS",
                "action": "Hooked Up",
                "species": "",
                "eta": "",
                "hookup_id": "2025-06-09 10:30_MARSH MADNESS_0"
            },
            {
                "time": "2025-06-09 10:45",
                "boat": "MARSH MADNESS",
                "action": "Boated",
                "species": "Blue Marlin",
                "eta": "3:30 PM",
                "hookup_id": "2025-06-09 10:30_MARSH MADNESS_0"
            },
            {
                "time": "2025-06-09 11:00",
                "boat": "CARTERICAN",
                "action": "Hooked Up",
                "species": "",
                "eta": "",
                "hookup_id": "2025-06-09 11:00_CARTERICAN_1"
            },
            {
                "time": "2025-06-09 11:15",
                "boat": "CARTERICAN",
                "action": "Pulled Hook",
                "species": "",
                "eta": "",
                "hookup_id": "2025-06-09 11:00_CARTERICAN_1"
            }
        ],
        "participants": [
            {"name": "CARTERICAN", "image": "https://via.placeholder.com/100"},
            {"name": "MARSH MADNESS", "image": "https://via.placeholder.com/100"},
            {"name": "CITATION", "image": "https://via.placeholder.com/100"}
        ],
        "leaderboard": [
            {"boat": "CARTERICAN", "points": "3,475"},
            {"boat": "MARSH MADNESS", "points": "2,850"},
            {"boat": "DOC FEES", "points": "1,000"}
        ],
        "gallery": [
            "https://via.placeholder.com/800x600?text=Big+Rock+2025+1",
            "https://via.placeholder.com/800x600?text=Big+Rock+2025+2",
            "https://via.placeholder.com/800x600?text=Big+Rock+2025+3"
        ]
    },
    "Kids": {
        "events": [
            {
                "time": "2025-07-11 10:00",
                "boat": "MARLIN FEVER",
                "action": "Hooked Up",
                "species": "",
                "eta": "",
                "hookup_id": "2025-07-11 10:00_MARLIN FEVER_0"
            },
            {
                "time": "2025-07-11 10:15",
                "boat": "MARLIN FEVER",
                "action": "Pulled Hook",
                "species": "",
                "eta": "",
                "hookup_id": "2025-07-11 10:00_MARLIN FEVER_0"
            },
            {
                "time": "2025-07-11 10:20",
                "boat": "MARLIN FEVER",
                "action": "Hooked Up",
                "species": "",
                "eta": "",
                "hookup_id": "2025-07-11 10:20_MARLIN FEVER_1"
            },
            {
                "time": "2025-07-11 10:30",
                "boat": "MARLIN FEVER",
                "action": "Boated",
                "species": "Blue Marlin",
                "eta": "3:30 PM",
                "hookup_id": "2025-07-11 10:20_MARLIN FEVER_1"
            },
            {
                "time": "2025-07-11 11:00",
                "boat": "RE-LEASED",
                "action": "Hooked Up",
                "species": "",
                "eta": "",
                "hookup_id": "2025-07-11 11:00_RE-LEASED_0"
            },
            {
                "time": "2025-07-11 11:15",
                "boat": "RE-LEASED",
                "action": "Released",
                "species": "Blue Marlin",
                "eta": "",
                "hookup_id": "2025-07-11 11:00_RE-LEASED_0"
            },
            {
                "time": "2025-07-11 11:30",
                "boat": "GAUCHO",
                "action": "Hooked Up",
                "species": "",
                "eta": "",
                "hookup_id": "2025-07-11 11:30_GAUCHO_0"
            },
            {
                "time": "2025-07-11 11:45",
                "boat": "GAUCHO",
                "action": "Wrong Species",
                "species": "",
                "eta": "",
                "hookup_id": "2025-07-11 11:30_GAUCHO_0"
            }
        ],
        "participants": [
            {"name": "MARLIN FEVER", "image": "https://via.placeholder.com/100"},
            {"name": "RE-LEASED", "image": "https://via.placeholder.com/100"},
            {"name": "GAUCHO", "image": "https://via.placeholder.com/100"},
            {"name": "SAVANNA LEIGH", "image": "https://via.placeholder.com/100"},
            {"name": "SENSATION", "image": "https://via.placeholder.com/100"},
            {"name": "REEL HAULER", "image": "https://via.placeholder.com/100"},
            {"name": "CITATION", "image": "https://via.placeholder.com/100"}
        ],
        "leaderboard": [
            {"boat": "MARLIN FEVER", "points": "1,150"},
            {"boat": "RE-LEASED", "points": "800"},
            {"boat": "GAUCHO", "points": "525"}
        ],
        "gallery": [
            "https://via.placeholder.com/800x600?text=Big+Rock+Kids+2025+1",
            "https://via.placeholder.com/800x600?text=Big+Rock+Kids+2025+2",
            "https://via.placeholder.com/800x600?text=Big+Rock+Kids+2025+3"
        ]
    },
    "KWLA": {
        "events": [
            {
                "time": "2025-06-07 09:00",
                "boat": "LO QUE SEA",
                "action": "Hooked Up",
                "species": "",
                "eta": "",
                "hookup_id": "2025-06-07 09:00_LO QUE SEA_0"
            },
            {
                "time": "2025-06-07 09:15",
                "boat": "LO QUE SEA",
                "action": "Released",
                "species": "Blue Marlin",
                "eta": "",
                "hookup_id": "2025-06-07 09:00_LO QUE SEA_0"
            },
            {
                "time": "2025-06-07 10:00",
                "boat": "THE GENERAL",
                "action": "Hooked Up",
                "species": "",
                "eta": "",
                "hookup_id": "2025-06-07 10:00_THE GENERAL_0"
            },
            {
                "time": "2025-06-07 10:15",
                "boat": "THE GENERAL",
                "action": "Boated",
                "species": "Blue Marlin",
                "eta": "3:30 PM",
                "hookup_id": "2025-06-07 10:00_THE GENERAL_0"
            }
        ],
        "participants": [
            {"name": "LO QUE SEA", "image": "https://via.placeholder.com/100"},
            {"name": "THE GENERAL", "image": "https://via.placeholder.com/100"},
            {"name": "WELDOR’S ARK", "image": "https://via.placeholder.com/100"},
            {"name": "SENSATION", "image": "https://via.placeholder.com/100"}
        ],
        "leaderboard": [
            {"boat": "LO QUE SEA", "points": "400"},
            {"boat": "THE GENERAL", "points": "400"},
            {"boat": "WELDOR’S ARK", "points": "400"}
        ],
        "gallery": [
            "https://via.placeholder.com/800x600?text=KWLA+2025+1",
            "https://via.placeholder.com/800x600?text=KWLA+2025+2",
            "https://via.placeholder.com/800x600?text=KWLA+2025+3"
        ]
    }
}